"registry__name","label","reference"
"application","1d-interleaved-parityfec","[RFC6015]"
"application","3gpdash-qoe-report+xml","[Ozgur_Oyman][ThreeGPP]"
"application","3gpp-ims+xml","[John_M_Meredith]"
"application","A2L","[ASAM][Thomas_Thomsen]"
"application","activemessage","[Ehud_Shapiro]"
"application","alto-costmap+json","[RFC7285]"
"application","alto-costmapfilter+json","[RFC7285]"
"application","alto-directory+json","[RFC7285]"
"application","alto-endpointprop+json","[RFC7285]"
"application","alto-endpointpropparams+json","[RFC7285]"
"application","alto-endpointcost+json","[RFC7285]"
"application","alto-endpointcostparams+json","[RFC7285]"
"application","alto-error+json","[RFC7285]"
"application","alto-networkmapfilter+json","[RFC7285]"
"application","alto-networkmap+json","[RFC7285]"
"application","AML","[ASAM][Thomas_Thomsen]"
"application","andrew-inset","[Nathaniel_Borenstein]"
"application","applefile","[Patrik_Faltstrom]"
"application","ATF","[ASAM][Thomas_Thomsen]"
"application","ATFX","[ASAM][Thomas_Thomsen]"
"application","atom+xml","[RFC4287][RFC5023]"
"application","atomcat+xml","[RFC5023]"
"application","atomdeleted+xml","[RFC6721]"
"application","atomicmail","[Nathaniel_Borenstein]"
"application","atomsvc+xml","[RFC5023]"
"application","ATXML","[ASAM][Thomas_Thomsen]"
"application","auth-policy+xml","[RFC4745]"
"application","bacnet-xdd+zip","[ASHRAE][Dave_Robin]"
"application","batch-SMTP","[RFC2442]"
"application","beep+xml","[RFC3080]"
"application","calendar+json","[RFC7265]"
"application","calendar+xml","[RFC6321]"
"application","call-completion","[RFC6910]"
"application","cals-1840","[RFC1895]"
"application","cbor","[RFC7049]"
"application","ccmp+xml","[RFC6503]"
"application","ccxml+xml","[RFC4267]"
"application","CDFX+XML","[ASAM][Thomas_Thomsen]"
"application","cdmi-capability","[RFC6208]"
"application","cdmi-container","[RFC6208]"
"application","cdmi-domain","[RFC6208]"
"application","cdmi-object","[RFC6208]"
"application","cdmi-queue","[RFC6208]"
"application","CEA","[ASAM][Thomas_Thomsen]"
"application","cea-2018+xml","[Gottfried_Zimmermann]"
"application","cellml+xml","[RFC4708]"
"application","cfw","[RFC6230]"
"application","cms","[RFC7193]"
"application","cnrp+xml","[RFC3367]"
"application","coap-group+json","[RFC7390]"
"application","commonground","[David_Glazer]"
"application","conference-info+xml","[RFC4575]"
"application","cpl+xml","[RFC3880]"
"application","csrattrs","[RFC7030]"
"application","csta+xml","[Ecma_International_Helpdesk]"
"application","CSTAdata+xml","[Ecma_International_Helpdesk]"
"application","cybercash","[Donald_E._Eastlake_3rd]"
"application","dash+xml","[Thomas_Stockhammer][ISO-IEC_JTC1]"
"application","dashdelta","[David_Furbeck]"
"application","davmount+xml","[RFC4709]"
"application","dca-rft","[Larry_Campbell]"
"application","DCD","[ASAM][Thomas_Thomsen]"
"application","dec-dx","[Larry_Campbell]"
"application","dialog-info+xml","[RFC4235]"
"application","dicom","[RFC3240]"
"application","DII","[ASAM][Thomas_Thomsen]"
"application","DIT","[ASAM][Thomas_Thomsen]"
"application","dns","[RFC4027]"
"application","dskpp+xml","[RFC6063]"
"application","dssc+der","[RFC5698]"
"application","dssc+xml","[RFC5698]"
"application","dvcs","[RFC3029]"
"application","ecmascript","[RFC4329]"
"application","EDI-consent","[RFC1767]"
"application","EDIFACT","[RFC1767]"
"application","EDI-X12","[RFC1767]"
"application","emma+xml","[W3C][http://www.w3.org/TR/2007/CR-emma-20071211/#media-type-registration][ISO-IEC JTC1]"
"application","emotionml+xml","[W3C][Kazuyuki_Ashimura]"
"application","encaprtp","[RFC6849]"
"application","epp+xml","[RFC5730]"
"application","epub+zip","[International_Digital_Publishing_Forum][William_McCoy]"
"application","eshop","[Steve_Katz]"
"application","example","[RFC4735]"
"application","exi","[W3C][http://www.w3.org/TR/2009/CR-exi-20091208/#mediaTypeRegistration]"
"application","fastinfoset","[ITU-T_ASN.1_Rapporteur]"
"application","fastsoap","[ITU-T_ASN.1_Rapporteur]"
"application","fdt+xml","[RFC6726]"
"application","fits","[RFC4047]"
"application","font-sfnt","[Levantovsky][ISO-IEC JTC1]"
"application","font-tdpfr","[RFC3073]"
"application","font-woff","[W3C]"
"application","framework-attributes+xml","[RFC6230]"
"application","gzip","[RFC6713]"
"application","H224","[RFC4573]"
"application","held+xml","[RFC5985]"
"application","http","[RFC7230]"
"application","hyperstudio","[Michael_Domino]"
"application","ibe-key-request+xml","[RFC5408]"
"application","ibe-pkg-reply+xml","[RFC5408]"
"application","ibe-pp-data","[RFC5408]"
"application","iges","[Curtis_Parks]"
"application","im-iscomposing+xml","[RFC3994]"
"application","index","[RFC2652]"
"application","index.cmd","[RFC2652]"
"application","index.obj","[RFC2652]"
"application","index.response","[RFC2652]"
"application","index.vnd","[RFC2652]"
"application","inkml+xml","[Kazuyuki_Ashimura]"
"application","iotp","[RFC2935]"
"application","ipfix","[RFC5655]"
"application","ipp","[RFC2910]"
"application","isup","[RFC3204]"
"application","its+xml","[W3C][ITS-IG-W3C]"
"application","javascript","[RFC4329]"
"application","jrd+json","[RFC7033]"
"application","json","[RFC7158]"
"application","json-patch+json","[RFC6902]"
"application","json-seq","[RFC-ietf-json-text-sequence-13]"
"application","kpml-request+xml","[RFC4730]"
"application","kpml-response+xml","[RFC4730]"
"application","ld+json","[W3C][Ivan_Herman]"
"application","link-format","[RFC6690]"
"application","load-control+xml","[RFC7200]"
"application","lost+xml","[RFC5222]"
"application","lostsync+xml","[RFC6739]"
"application","LXF","[ASAM][Thomas_Thomsen]"
"application","mac-binhex40","[Patrik_Faltstrom]"
"application","macwriteii","[Paul_Lindner]"
"application","mads+xml","[RFC6207]"
"application","marc","[RFC2220]"
"application","marcxml+xml","[RFC6207]"
"application","mathematica","[Wolfram]"
"application","mathml-content+xml","[W3C][http://www.w3.org/TR/MathML3/appendixb.html]"
"application","mathml-presentation+xml","[W3C][http://www.w3.org/TR/MathML3/appendixb.html]"
"application","mathml+xml","[W3C][http://www.w3.org/TR/MathML3/appendixb.html]"
"application","mbms-associated-procedure-description+xml","[ThreeGPP]"
"application","mbms-deregister+xml","[ThreeGPP]"
"application","mbms-envelope+xml","[ThreeGPP]"
"application","mbms-msk-response+xml","[ThreeGPP]"
"application","mbms-msk+xml","[ThreeGPP]"
"application","mbms-protection-description+xml","[ThreeGPP]"
"application","mbms-reception-report+xml","[ThreeGPP]"
"application","mbms-register-response+xml","[ThreeGPP]"
"application","mbms-register+xml","[ThreeGPP]"
"application","mbms-schedule+xml","[ThreeGPP][Eric_Turcotte]"
"application","mbms-user-service-description+xml","[ThreeGPP]"
"application","mbox","[RFC4155]"
"application","media_control+xml","[RFC5168]"
"application","media-policy-dataset+xml","[RFC6796]"
"application","mediaservercontrol+xml","[RFC5022]"
"application","merge-patch+json","[RFC7396]"
"application","metalink4+xml","[RFC5854]"
"application","mets+xml","[RFC6207]"
"application","MF4","[ASAM][Thomas_Thomsen]"
"application","mikey","[RFC3830]"
"application","mods+xml","[RFC6207]"
"application","moss-keys","[RFC1848]"
"application","moss-signature","[RFC1848]"
"application","mosskey-data","[RFC1848]"
"application","mosskey-request","[RFC1848]"
"application","mp21","[RFC6381][David_Singer]"
"application","mp4","[RFC4337][RFC6381]"
"application","mpeg4-generic","[RFC3640]"
"application","mpeg4-iod","[RFC4337]"
"application","mpeg4-iod-xmt","[RFC4337]"
"application","mrb-consumer+xml","[RFC6917]"
"application","mrb-publish+xml","[RFC6917]"
"application","msc-ivr+xml","[RFC6231]"
"application","msc-mixer+xml","[RFC6505]"
"application","msword","[Paul_Lindner]"
"application","mxf","[RFC4539]"
"application","nasdata","[RFC4707]"
"application","news-checkgroups","[RFC5537]"
"application","news-groupinfo","[RFC5537]"
"application","news-transmission","[RFC5537]"
"application","nlsml+xml","[RFC6787]"
"application","nss","[Michael_Hammer]"
"application","ocsp-request","[RFC6960]"
"application","ocsp-response","[RFC6960]"
"application","octet-stream","[RFC2045][RFC2046]"
"application","oda","[RFC2045][RFC2046]"
"application","ODX","[ASAM][Thomas_Thomsen]"
"application","oebps-package+xml","[RFC4839]"
"application","ogg","[RFC5334]"
"application","oxps","[Ecma_International_Helpdesk]"
"application","p2p-overlay+xml","[RFC6940]"
"application","parityfec","[RFC5109]"
"application","patch-ops-error+xml","[RFC5261]"
"application","pdf","[RFC3778]"
"application","PDX","[ASAM][Thomas_Thomsen]"
"application","pgp-encrypted","[RFC3156]"
"application","pgp-keys","[RFC3156]"
"application","pgp-signature","[RFC3156]"
"application","pidf-diff+xml","[RFC5262]"
"application","pidf+xml","[RFC3863]"
"application","pkcs10","[RFC5967]"
"application","pkcs7-mime","[RFC5751][RFC7114]"
"application","pkcs7-signature","[RFC5751]"
"application","pkcs8","[RFC5958]"
"application","pkix-attr-cert","[RFC5877]"
"application","pkix-cert","[RFC2585]"
"application","pkix-crl","[RFC2585]"
"application","pkix-pkipath","[RFC6066]"
"application","pkixcmp","[RFC2510]"
"application","pls+xml","[RFC4267]"
"application","poc-settings+xml","[RFC4354]"
"application","postscript","[RFC2045][RFC2046]"
"application","provenance+xml","[W3C][Ivan_Herman]"
"application","prs.alvestrand.titrax-sheet","[Harald_T._Alvestrand]"
"application","prs.cww","[Khemchart_Rungchavalnont]"
"application","prs.hpub+zip","[Giulio_Zambon]"
"application","prs.nprend","[Jay_Doggett]"
"application","prs.plucker","[Bill_Janssen]"
"application","prs.rdf-xml-crypt","[Toby_Inkster]"
"application","prs.xsf+xml","[Maik_StÃŒhrenberg]"
"application","pskc+xml","[RFC6030]"
"application","rdf+xml","[RFC3870]"
"application","qsig","[RFC3204]"
"application","raptorfec","[RFC6682]"
"application","rdap+json","[RFC-ietf-weirds-json-response-14]"
"application","reginfo+xml","[RFC3680]"
"application","relax-ng-compact-syntax","[http://www.jtc1sc34.org/repository/0661.pdf]"
"application","remote-printing","[RFC1486][Marshall_Rose]"
"application","reputon+json","[RFC7071]"
"application","resource-lists-diff+xml","[RFC5362]"
"application","resource-lists+xml","[RFC4826]"
"application","riscos","[Nick_Smith]"
"application","rlmi+xml","[RFC4662]"
"application","rls-services+xml","[RFC4826]"
"application","rpki-ghostbusters","[RFC6493]"
"application","rpki-manifest","[RFC6481]"
"application","rpki-roa","[RFC6481]"
"application","rpki-updown","[RFC6492]"
"application","rtf","[Paul_Lindner]"
"application","rtploopback","[RFC6849]"
"application","rtx","[RFC4588]"
"application","samlassertion+xml","[OASIS_Security_Services_Technical_Committee_SSTC]"
"application","samlmetadata+xml","[OASIS_Security_Services_Technical_Committee_SSTC]"
"application","sbml+xml","[RFC3823]"
"application","scaip+xml","[SIS][Oskar_Jonsson]"
"application","scvp-cv-request","[RFC5055]"
"application","scvp-cv-response","[RFC5055]"
"application","scvp-vp-request","[RFC5055]"
"application","scvp-vp-response","[RFC5055]"
"application","sdp","[RFC4566]"
"application","sep-exi","[Robby_Simpson][ZigBee]"
"application","sep+xml","[Robby_Simpson][ZigBee]"
"application","session-info","[ThreeGPP][Frederic_Firmin]"
"application","set-payment","[Brian_Korver]"
"application","set-payment-initiation","[Brian_Korver]"
"application","set-registration","[Brian_Korver]"
"application","set-registration-initiation","[Brian_Korver]"
"application","sgml","[RFC1874]"
"application","sgml-open-catalog","[Paul_Grosso]"
"application","shf+xml","[RFC4194]"
"application","sieve","[RFC5228]"
"application","simple-filter+xml","[RFC4661]"
"application","simple-message-summary","[RFC3842]"
"application","simpleSymbolContainer","[ThreeGPP]"
"application","slate","[Terry_Crowley]"
"application","smil","[RFC4536] - OBSOLETED in favor of application/smil+xml"
"application","smil+xml","[RFC4536]"
"application","smpte336m","[RFC6597]"
"application","soap+fastinfoset","[ITU-T_ASN.1_Rapporteur]"
"application","soap+xml","[RFC3902]"
"application","sparql-query","[W3C][http://www.w3.org/TR/2007/CR-rdf-sparql-query-20070614/#mediaType]"
"application","sparql-results+xml","[W3C][http://www.w3.org/TR/2007/CR-rdf-sparql-XMLres-20070925/#mime]"
"application","spirits-event+xml","[RFC3910]"
"application","sql","[RFC6922]"
"application","srgs","[RFC4267]"
"application","srgs+xml","[RFC4267]"
"application","sru+xml","[RFC6207]"
"application","ssml+xml","[RFC4267]"
"application","tamp-apex-update","[RFC5934]"
"application","tamp-apex-update-confirm","[RFC5934]"
"application","tamp-community-update","[RFC5934]"
"application","tamp-community-update-confirm","[RFC5934]"
"application","tamp-error","[RFC5934]"
"application","tamp-sequence-adjust","[RFC5934]"
"application","tamp-sequence-adjust-confirm","[RFC5934]"
"application","tamp-status-query","[RFC5934]"
"application","tamp-status-response","[RFC5934]"
"application","tamp-update","[RFC5934]"
"application","tamp-update-confirm","[RFC5934]"
"application","tei+xml","[RFC6129]"
"application","thraud+xml","[RFC5941]"
"application","timestamp-query","[RFC3161]"
"application","timestamp-reply","[RFC3161]"
"application","timestamped-data","[RFC5955]"
"application","ttml+xml","[W3C][W3C_Timed_Text_Working_Group]"
"application","tve-trigger","[Linda_Welsh]"
"application","ulpfec","[RFC5109]"
"application","urc-grpsheet+xml","[Gottfried_Zimmermann][ISO-IEC JTC1]"
"application","urc-ressheet+xml","[Gottfried_Zimmermann][ISO-IEC JTC1]"
"application","urc-targetdesc+xml","[Gottfried_Zimmermann][ISO-IEC JTC1]"
"application","urc-uisocketdesc+xml","[Gottfried_Zimmermann]"
"application","vcard+json","[RFC7095]"
"application","vcard+xml","[RFC6351]"
"application","vemmi","[RFC2122]"
"application","vnd.3gpp.bsf+xml","[John_M_Meredith]"
"application","vnd.3gpp.pic-bw-large","[John_M_Meredith]"
"application","vnd.3gpp.pic-bw-small","[John_M_Meredith]"
"application","vnd.3gpp.pic-bw-var","[John_M_Meredith]"
"application","vnd.3gpp.sms","[John_M_Meredith]"
"application","vnd.3gpp2.bcmcsinfo+xml","[Andy_Dryden]"
"application","vnd.3gpp2.sms","[AC_Mahendran]"
"application","vnd.3gpp2.tcap","[AC_Mahendran]"
"application","vnd.3M.Post-it-Notes","[Michael_OBrien]"
"application","vnd.accpac.simply.aso","[Steve_Leow]"
"application","vnd.accpac.simply.imp","[Steve_Leow]"
"application","vnd.acucobol","[Dovid_Lubin]"
"application","vnd.acucorp","[Dovid_Lubin]"
"application","vnd.adobe.flash.movie","[Henrik_Andersson]"
"application","vnd.adobe.formscentral.fcdt","[Chris_Solc]"
"application","vnd.adobe.fxp","[Robert_Brambley][Steven_Heintz]"
"application","vnd.adobe.partial-upload","[Tapani_Otala]"
"application","vnd.adobe.xdp+xml","[John_Brinkman]"
"application","vnd.adobe.xfdf","[Roberto_Perelman]"
"application","vnd.aether.imp","[Jay_Moskowitz]"
"application","vnd.ah-barcode","[Katsuhiko_Ichinose]"
"application","vnd.ahead.space","[Tor_Kristensen]"
"application","vnd.airzip.filesecure.azf","[Daniel_Mould][Gary_Clueit]"
"application","vnd.airzip.filesecure.azs","[Daniel_Mould][Gary_Clueit]"
"application","vnd.americandynamics.acc","[Gary_Sands]"
"application","vnd.amiga.ami","[Kevin_Blumberg]"
"application","vnd.amundsen.maze+xml","[Mike_Amundsen]"
"application","vnd.anser-web-certificate-issue-initiation","[Hiroyoshi_Mori]"
"application","vnd.antix.game-component","[Daniel_Shelton]"
"application","vnd.apache.thrift.binary","[Roger_Meier]"
"application","vnd.apache.thrift.compact","[Roger_Meier]"
"application","vnd.apache.thrift.json","[Roger_Meier]"
"application","vnd.api+json","[Steve_Klabnik]"
"application","vnd.apple.mpegurl","[David_Singer][Roger_Pantos]"
"application","vnd.apple.installer+xml","[Peter_Bierman]"
"application","vnd.arastra.swi","[Bill_Fenner] - OBSOLETED in favor of application/vnd.aristanetworks.swi"
"application","vnd.aristanetworks.swi","[Bill_Fenner]"
"application","vnd.artsquare","[Christopher_Smith]"
"application","vnd.astraea-software.iota","[Christopher_Snazell]"
"application","vnd.audiograph","[Horia_Cristian_Slusanschi]"
"application","vnd.autopackage","[Mike_Hearn]"
"application","vnd.avistar+xml","[Vladimir_Vysotsky]"
"application","vnd.balsamiq.bmml+xml","[Giacomo_Guilizzoni]"
"application","vnd.bekitzur-stech+json","[Jegulsky]"
"application","vnd.blueice.multipass","[Thomas_Holmstrom]"
"application","vnd.bluetooth.ep.oob","[Mike_Foley]"
"application","vnd.bluetooth.le.oob","[Mark_Powell]"
"application","vnd.bmi","[Tadashi_Gotoh]"
"application","vnd.businessobjects","[Philippe_Imoucha]"
"application","vnd.cab-jscript","[Joerg_Falkenberg]"
"application","vnd.canon-cpdl","[Shin_Muto]"
"application","vnd.canon-lips","[Shin_Muto]"
"application","vnd.cendio.thinlinc.clientconf","[Peter_Astrand]"
"application","vnd.century-systems.tcp_stream","[Shuji_Fujii]"
"application","vnd.chemdraw+xml","[Glenn_Howes]"
"application","vnd.chipnuts.karaoke-mmd","[Chunyun_Xiong]"
"application","vnd.cinderella","[Ulrich_Kortenkamp]"
"application","vnd.cirpack.isdn-ext","[Pascal_Mayeux]"
"application","vnd.claymore","[Ray_Simpson]"
"application","vnd.cloanto.rp9","[Mike_Labatt]"
"application","vnd.clonk.c4group","[Guenther_Brammer]"
"application","vnd.cluetrust.cartomobile-config","[Gaige_Paulsen]"
"application","vnd.cluetrust.cartomobile-config-pkg","[Gaige_Paulsen]"
"application","vnd.coffeescript","[Devyn_Collier_Johnson]"
"application","vnd.collection.doc+json","[Irakli_Nadareishvili]"
"application","vnd.collection+json","[Mike_Amundsen]"
"application","vnd.collection.next+json","[Ioseb_Dzmanashvili]"
"application","vnd.commerce-battelle","[David_Applebaum]"
"application","vnd.commonspace","[Ravinder_Chandhok]"
"application","vnd.cosmocaller","[Steve_Dellutri]"
"application","vnd.contact.cmsg","[Frank_Patz]"
"application","vnd.crick.clicker","[Andrew_Burt]"
"application","vnd.crick.clicker.keyboard","[Andrew_Burt]"
"application","vnd.crick.clicker.palette","[Andrew_Burt]"
"application","vnd.crick.clicker.template","[Andrew_Burt]"
"application","vnd.crick.clicker.wordbank","[Andrew_Burt]"
"application","vnd.criticaltools.wbs+xml","[Jim_Spiller]"
"application","vnd.ctc-posml","[Bayard_Kohlhepp]"
"application","vnd.ctct.ws+xml","[Jim_Ancona]"
"application","vnd.cups-pdf","[Michael_Sweet]"
"application","vnd.cups-postscript","[Michael_Sweet]"
"application","vnd.cups-ppd","[Michael_Sweet]"
"application","vnd.cups-raster","[Michael_Sweet]"
"application","vnd.cups-raw","[Michael_Sweet]"
"application","vnd.curl","[Robert_Byrnes]"
"application","vnd.cyan.dean.root+xml","[Matt_Kern]"
"application","vnd.cybank","[Nor_Helmee]"
"application","vnd.dart","[Anders_Sandholm]"
"application","vnd.data-vision.rdz","[James_Fields]"
"application","vnd.debian.binary-package","[Charles_Plessy]"
"application","vnd.dece.data","[Michael_A_Dolan]"
"application","vnd.dece.ttml+xml","[Michael_A_Dolan]"
"application","vnd.dece.unspecified","[Michael_A_Dolan]"
"application","vnd.dece.zip","[Michael_A_Dolan]"
"application","vnd.denovo.fcselayout-link","[Michael_Dixon]"
"application","vnd.desmume.movie","[Henrik_Andersson]"
"application","vnd.dir-bi.plate-dl-nosuffix","[Yamanaka]"
"application","vnd.dm.delegation+xml","[Axel_Ferrazzini]"
"application","vnd.dna","[Meredith_Searcy]"
"application","vnd.document+json","[Tom_Christie]"
"application","vnd.dolby.mobile.1","[Steve_Hattersley]"
"application","vnd.dolby.mobile.2","[Steve_Hattersley]"
"application","vnd.doremir.scorecloud-binary-document","[Erik_RonstrÃ¶m]"
"application","vnd.dpgraph","[David_Parker]"
"application","vnd.dreamfactory","[William_C._Appleton]"
"application","vnd.dtg.local","[Ali_Teffahi]"
"application","vnd.dtg.local.flash","[Ali_Teffahi]"
"application","vnd.dtg.local.html","[Ali_Teffahi]"
"application","vnd.dvb.ait","[Peter_Siebert][Michael_Lagally]"
"application","vnd.dvb.dvbj","[Peter_Siebert][Michael_Lagally]"
"application","vnd.dvb.esgcontainer","[Joerg_Heuer]"
"application","vnd.dvb.ipdcdftnotifaccess","[Roy_Yue]"
"application","vnd.dvb.ipdcesgaccess","[Joerg_Heuer]"
"application","vnd.dvb.ipdcesgaccess2","[Jerome_Marcon]"
"application","vnd.dvb.ipdcesgpdd","[Jerome_Marcon]"
"application","vnd.dvb.ipdcroaming","[Yiling_Xu]"
"application","vnd.dvb.iptv.alfec-base","[Jean-Baptiste_Henry]"
"application","vnd.dvb.iptv.alfec-enhancement","[Jean-Baptiste_Henry]"
"application","vnd.dvb.notif-aggregate-root+xml","[Roy_Yue]"
"application","vnd.dvb.notif-container+xml","[Roy_Yue]"
"application","vnd.dvb.notif-generic+xml","[Roy_Yue]"
"application","vnd.dvb.notif-ia-msglist+xml","[Roy_Yue]"
"application","vnd.dvb.notif-ia-registration-request+xml","[Roy_Yue]"
"application","vnd.dvb.notif-ia-registration-response+xml","[Roy_Yue]"
"application","vnd.dvb.notif-init+xml","[Roy_Yue]"
"application","vnd.dvb.pfr","[Peter_Siebert][Michael_Lagally]"
"application","vnd.dvb.service","[Peter_Siebert][Michael_Lagally]"
"application","vnd.dxr","[Michael_Duffy]"
"application","vnd.dynageo","[Roland_Mechling]"
"application","vnd.dzr","[Carl_Anderson]"
"application","vnd.easykaraoke.cdgdownload","[Iain_Downs]"
"application","vnd.ecdis-update","[Gert_Buettgenbach]"
"application","vnd.ecowin.chart","[Thomas_Olsson]"
"application","vnd.ecowin.filerequest","[Thomas_Olsson]"
"application","vnd.ecowin.fileupdate","[Thomas_Olsson]"
"application","vnd.ecowin.series","[Thomas_Olsson]"
"application","vnd.ecowin.seriesrequest","[Thomas_Olsson]"
"application","vnd.ecowin.seriesupdate","[Thomas_Olsson]"
"application","vnd.emclient.accessrequest+xml","[Filip_Navara]"
"application","vnd.enliven","[Paul_Santinelli_Jr.]"
"application","vnd.enphase.envoy","[Chris_Eich]"
"application","vnd.eprints.data+xml","[Tim_Brody]"
"application","vnd.epson.esf","[Shoji_Hoshina]"
"application","vnd.epson.msf","[Shoji_Hoshina]"
"application","vnd.epson.quickanime","[Yu_Gu]"
"application","vnd.epson.salt","[Yasuhito_Nagatomo]"
"application","vnd.epson.ssf","[Shoji_Hoshina]"
"application","vnd.ericsson.quickcall","[Paul_Tidwell]"
"application","vnd.eszigno3+xml","[Szilveszter_TÃ³th]"
"application","vnd.etsi.aoc+xml","[Shicheng_Hu]"
"application","vnd.etsi.asic-s+zip","[Miguel_Angel_Reina_Ortega]"
"application","vnd.etsi.asic-e+zip","[Miguel_Angel_Reina_Ortega]"
"application","vnd.etsi.cug+xml","[Shicheng_Hu]"
"application","vnd.etsi.iptvcommand+xml","[Shicheng_Hu]"
"application","vnd.etsi.iptvdiscovery+xml","[Shicheng_Hu]"
"application","vnd.etsi.iptvprofile+xml","[Shicheng_Hu]"
"application","vnd.etsi.iptvsad-bc+xml","[Shicheng_Hu]"
"application","vnd.etsi.iptvsad-cod+xml","[Shicheng_Hu]"
"application","vnd.etsi.iptvsad-npvr+xml","[Shicheng_Hu]"
"application","vnd.etsi.iptvservice+xml","[Miguel_Angel_Reina_Ortega]"
"application","vnd.etsi.iptvsync+xml","[Miguel_Angel_Reina_Ortega]"
"application","vnd.etsi.iptvueprofile+xml","[Shicheng_Hu]"
"application","vnd.etsi.mcid+xml","[Shicheng_Hu]"
"application","vnd.etsi.mheg5","[Miguel_Angel_Reina_Ortega][Ian_Medland]"
"application","vnd.etsi.overload-control-policy-dataset+xml","[Miguel_Angel_Reina_Ortega]"
"application","vnd.etsi.pstn+xml","[Jiwan_Han][Thomas_Belling]"
"application","vnd.etsi.sci+xml","[Shicheng_Hu]"
"application","vnd.etsi.simservs+xml","[Shicheng_Hu]"
"application","vnd.etsi.timestamp-token","[Miguel_Angel_Reina_Ortega]"
"application","vnd.etsi.tsl+xml","[Shicheng_Hu]"
"application","vnd.etsi.tsl.der","[Shicheng_Hu]"
"application","vnd.eudora.data","[Pete_Resnick]"
"application","vnd.ezpix-album","[ElectronicZombieCorp]"
"application","vnd.ezpix-package","[ElectronicZombieCorp]"
"application","vnd.f-secure.mobile","[Samu_Sarivaara]"
"application","vnd.fdf","[Steve_Zilles]"
"application","vnd.fdsn.mseed","[Chad_Trabant]"
"application","vnd.fdsn.seed","[Chad_Trabant]"
"application","vnd.ffsns","[Holstage]"
"application","vnd.fints","[Ingo_Hammann]"
"application","vnd.FloGraphIt","[Dick_Floersch]"
"application","vnd.fluxtime.clip","[Marc_Winter]"
"application","vnd.font-fontforge-sfd","[George_Williams]"
"application","vnd.framemaker","[Mike_Wexler]"
"application","vnd.frogans.fnc","[Alexis_Tamas]"
"application","vnd.frogans.ltf","[Alexis_Tamas]"
"application","vnd.fsc.weblaunch","[Derek_Smith]"
"application","vnd.fujitsu.oasys","[Nobukazu_Togashi]"
"application","vnd.fujitsu.oasys2","[Nobukazu_Togashi]"
"application","vnd.fujitsu.oasys3","[Seiji_Okudaira]"
"application","vnd.fujitsu.oasysgp","[Masahiko_Sugimoto]"
"application","vnd.fujitsu.oasysprs","[Masumi_Ogita]"
"application","vnd.fujixerox.ART4","[Fumio_Tanabe]"
"application","vnd.fujixerox.ART-EX","[Fumio_Tanabe]"
"application","vnd.fujixerox.ddd","[Masanori_Onda]"
"application","vnd.fujixerox.docuworks","[Yasuo_Taguchi]"
"application","vnd.fujixerox.docuworks.binder","[Takashi_Matsumoto]"
"application","vnd.fujixerox.docuworks.container","[Kiyoshi_Tashiro]"
"application","vnd.fujixerox.HBPL","[Fumio_Tanabe]"
"application","vnd.fut-misnet","[Jann_Pruulman]"
"application","vnd.fuzzysheet","[Simon_Birtwistle]"
"application","vnd.genomatix.tuxedo","[Torben_Frey]"
"application","vnd.geo+json","[Sean_Gillies]"
"application","vnd.geocube+xml","[Francois_Pirsch] - OBSOLETED by request"
"application","vnd.geogebra.file","[GeoGebra][Yves_Kreis]"
"application","vnd.geogebra.tool","[GeoGebra][Yves_Kreis]"
"application","vnd.geometry-explorer","[Michael_Hvidsten]"
"application","vnd.geonext","[Matthias_Ehmann]"
"application","vnd.geoplan","[Christian_Mercat]"
"application","vnd.geospace","[Christian_Mercat]"
"application","vnd.globalplatform.card-content-mgt","[Gil_Bernabeu]"
"application","vnd.globalplatform.card-content-mgt-response","[Gil_Bernabeu]"
"application","vnd.gmx - DEPRECATED","[Christian_V._Sciberras]"
"application","vnd.google-earth.kml+xml","[Michael_Ashbridge]"
"application","vnd.google-earth.kmz","[Michael_Ashbridge]"
"application","vnd.gov.sk.e-form+xml","[Peter_Biro][Stefan_Szilva]"
"application","vnd.gov.sk.e-form+zip","[Peter_Biro][Stefan_Szilva]"
"application","vnd.grafeq","[Jeff_Tupper]"
"application","vnd.gridmp","[Jeff_Lawson]"
"application","vnd.groove-account","[Todd_Joseph]"
"application","vnd.groove-help","[Todd_Joseph]"
"application","vnd.groove-identity-message","[Todd_Joseph]"
"application","vnd.groove-injector","[Todd_Joseph]"
"application","vnd.groove-tool-message","[Todd_Joseph]"
"application","vnd.groove-tool-template","[Todd_Joseph]"
"application","vnd.groove-vcard","[Todd_Joseph]"
"application","vnd.hal+json","[Mike_Kelly]"
"application","vnd.hal+xml","[Mike_Kelly]"
"application","vnd.HandHeld-Entertainment+xml","[Eric_Hamilton]"
"application","vnd.hbci","[Ingo_Hammann]"
"application","vnd.hcl-bireports","[Doug_R._Serres]"
"application","vnd.heroku+json","[Wesley_Beary]"
"application","vnd.hhe.lesson-player","[Randy_Jones]"
"application","vnd.hp-HPGL","[Bob_Pentecost]"
"application","vnd.hp-hpid","[Aloke_Gupta]"
"application","vnd.hp-hps","[Steve_Aubrey]"
"application","vnd.hp-jlyt","[Amir_Gaash]"
"application","vnd.hp-PCL","[Bob_Pentecost]"
"application","vnd.hp-PCLXL","[Bob_Pentecost]"
"application","vnd.httphone","[Franck_Lefevre]"
"application","vnd.hydrostatix.sof-data","[Allen_Gillam]"
"application","vnd.hzn-3d-crossword","[James_Minnis]"
"application","vnd.ibm.afplinedata","[Roger_Buis]"
"application","vnd.ibm.electronic-media","[Bruce_Tantlinger]"
"application","vnd.ibm.MiniPay","[Amir_Herzberg]"
"application","vnd.ibm.modcap","[Reinhard_Hohensee]"
"application","vnd.ibm.rights-management","[Bruce_Tantlinger]"
"application","vnd.ibm.secure-container","[Bruce_Tantlinger]"
"application","vnd.iccprofile","[Phil_Green]"
"application","vnd.ieee.1905","[Purva_R_Rajkotia]"
"application","vnd.igloader","[Tim_Fisher]"
"application","vnd.immervision-ivp","[Mathieu_Villegas]"
"application","vnd.immervision-ivu","[Mathieu_Villegas]"
"application","vnd.ims.imsccv1p1","[Lisa_Mattson]"
"application","vnd.ims.imsccv1p2","[Lisa_Mattson]"
"application","vnd.ims.imsccv1p3","[Lisa_Mattson]"
"application","vnd.ims.lis.v2.result+json","[Lisa_Mattson]"
"application","vnd.ims.lti.v2.toolconsumerprofile+json","[Lisa_Mattson]"
"application","vnd.ims.lti.v2.toolproxy.id+json","[Lisa_Mattson]"
"application","vnd.ims.lti.v2.toolproxy+json","[Lisa_Mattson]"
"application","vnd.ims.lti.v2.toolsettings+json","[Lisa_Mattson]"
"application","vnd.ims.lti.v2.toolsettings.simple+json","[Lisa_Mattson]"
"application","vnd.informedcontrol.rms+xml","[Mark_Wahl]"
"application","vnd.infotech.project","[Charles_Engelke]"
"application","vnd.infotech.project+xml","[Charles_Engelke]"
"application","vnd.informix-visionary","[Christopher_Gales] - OBSOLETED in favor of application/vnd.visionary"
"application","vnd.innopath.wamp.notification","[Takanori_Sudo]"
"application","vnd.insors.igm","[Jon_Swanson]"
"application","vnd.intercon.formnet","[Tom_Gurak]"
"application","vnd.intergeo","[Yves_Kreis_2]"
"application","vnd.intertrust.digibox","[Luke_Tomasello]"
"application","vnd.intertrust.nncp","[Luke_Tomasello]"
"application","vnd.intu.qbo","[Greg_Scratchley]"
"application","vnd.intu.qfx","[Greg_Scratchley]"
"application","vnd.iptc.g2.catalogitem+xml","[Michael_Steidl]"
"application","vnd.iptc.g2.conceptitem+xml","[Michael_Steidl]"
"application","vnd.iptc.g2.knowledgeitem+xml","[Michael_Steidl]"
"application","vnd.iptc.g2.newsitem+xml","[Michael_Steidl]"
"application","vnd.iptc.g2.newsmessage+xml","[Michael_Steidl]"
"application","vnd.iptc.g2.packageitem+xml","[Michael_Steidl]"
"application","vnd.iptc.g2.planningitem+xml","[Michael_Steidl]"
"application","vnd.ipunplugged.rcprofile","[Per_Ersson]"
"application","vnd.irepository.package+xml","[Martin_Knowles]"
"application","vnd.is-xpr","[Satish_Navarajan]"
"application","vnd.isac.fcs","[Ryan_Brinkman]"
"application","vnd.jam","[Brijesh_Kumar]"
"application","vnd.japannet-directory-service","[Kiyofusa_Fujii]"
"application","vnd.japannet-jpnstore-wakeup","[Jun_Yoshitake]"
"application","vnd.japannet-payment-wakeup","[Kiyofusa_Fujii]"
"application","vnd.japannet-registration","[Jun_Yoshitake]"
"application","vnd.japannet-registration-wakeup","[Kiyofusa_Fujii]"
"application","vnd.japannet-setstore-wakeup","[Jun_Yoshitake]"
"application","vnd.japannet-verification","[Jun_Yoshitake]"
"application","vnd.japannet-verification-wakeup","[Kiyofusa_Fujii]"
"application","vnd.jcp.javame.midlet-rms","[Mikhail_Gorshenev]"
"application","vnd.jisp","[Sebastiaan_Deckers]"
"application","vnd.joost.joda-archive","[Joost]"
"application","vnd.jsk.isdn-ngn","[Yokoyama_Kiyonobu]"
"application","vnd.kahootz","[Tim_Macdonald]"
"application","vnd.kde.karbon","[David_Faure]"
"application","vnd.kde.kchart","[David_Faure]"
"application","vnd.kde.kformula","[David_Faure]"
"application","vnd.kde.kivio","[David_Faure]"
"application","vnd.kde.kontour","[David_Faure]"
"application","vnd.kde.kpresenter","[David_Faure]"
"application","vnd.kde.kspread","[David_Faure]"
"application","vnd.kde.kword","[David_Faure]"
"application","vnd.kenameaapp","[Dirk_DiGiorgio-Haag]"
"application","vnd.kidspiration","[Jack_Bennett]"
"application","vnd.Kinar","[Hemant_Thakkar]"
"application","vnd.koan","[Pete_Cole]"
"application","vnd.kodak-descriptor","[Michael_J._Donahue]"
"application","vnd.las.las+xml","[Rob_Bailey]"
"application","vnd.liberty-request+xml","[Brett_McDowell]"
"application","vnd.llamagraphics.life-balance.desktop","[Catherine_E._White]"
"application","vnd.llamagraphics.life-balance.exchange+xml","[Catherine_E._White]"
"application","vnd.lotus-1-2-3","[Paul_Wattenberger]"
"application","vnd.lotus-approach","[Paul_Wattenberger]"
"application","vnd.lotus-freelance","[Paul_Wattenberger]"
"application","vnd.lotus-notes","[Michael_Laramie]"
"application","vnd.lotus-organizer","[Paul_Wattenberger]"
"application","vnd.lotus-screencam","[Paul_Wattenberger]"
"application","vnd.lotus-wordpro","[Paul_Wattenberger]"
"application","vnd.macports.portpkg","[James_Berry]"
"application","vnd.marlin.drm.actiontoken+xml","[Gary_Ellison]"
"application","vnd.marlin.drm.conftoken+xml","[Gary_Ellison]"
"application","vnd.marlin.drm.license+xml","[Gary_Ellison]"
"application","vnd.marlin.drm.mdcf","[Gary_Ellison]"
"application","vnd.mason+json","[Jorn_Wildt]"
"application","vnd.maxmind.maxmind-db","[William_Stevenson]"
"application","vnd.mcd","[Tadashi_Gotoh]"
"application","vnd.medcalcdata","[Frank_Schoonjans]"
"application","vnd.mediastation.cdkey","[Henry_Flurry]"
"application","vnd.meridian-slingshot","[Eric_Wedel]"
"application","vnd.MFER","[Masaaki_Hirai]"
"application","vnd.mfmp","[Yukari_Ikeda]"
"application","vnd.micrografx.flo","[Joe_Prevo]"
"application","vnd.micrografx.igx","[Joe_Prevo]"
"application","vnd.miele+json","[Nils_Langhammer]"
"application","vnd.mif","[Mike_Wexler]"
"application","vnd.minisoft-hp3000-save","[Chris_Bartram]"
"application","vnd.mitsubishi.misty-guard.trustweb","[Tanaka]"
"application","vnd.Mobius.DAF","[Allen_K._Kabayama]"
"application","vnd.Mobius.DIS","[Allen_K._Kabayama]"
"application","vnd.Mobius.MBK","[Alex_Devasia]"
"application","vnd.Mobius.MQY","[Alex_Devasia]"
"application","vnd.Mobius.MSL","[Allen_K._Kabayama]"
"application","vnd.Mobius.PLC","[Allen_K._Kabayama]"
"application","vnd.Mobius.TXF","[Allen_K._Kabayama]"
"application","vnd.mophun.application","[Bjorn_Wennerstrom]"
"application","vnd.mophun.certificate","[Bjorn_Wennerstrom]"
"application","vnd.motorola.flexsuite","[Mark_Patton]"
"application","vnd.motorola.flexsuite.adsi","[Mark_Patton]"
"application","vnd.motorola.flexsuite.fis","[Mark_Patton]"
"application","vnd.motorola.flexsuite.gotap","[Mark_Patton]"
"application","vnd.motorola.flexsuite.kmr","[Mark_Patton]"
"application","vnd.motorola.flexsuite.ttc","[Mark_Patton]"
"application","vnd.motorola.flexsuite.wem","[Mark_Patton]"
"application","vnd.motorola.iprm","[Rafie_Shamsaasef]"
"application","vnd.mozilla.xul+xml","[Braden_N_McDaniel]"
"application","vnd.ms-artgalry","[Dean_Slawson]"
"application","vnd.ms-asf","[Eric_Fleischman]"
"application","vnd.ms-cab-compressed","[Kim_Scarborough]"
"application","vnd.mseq","[Gwenael_Le_Bodic]"
"application","vnd.ms-3mfdocument","[Shawn_Maloney]"
"application","vnd.ms-excel","[Sukvinder_S._Gill]"
"application","vnd.ms-excel.addin.macroEnabled.12","[Chris_Rae]"
"application","vnd.ms-excel.sheet.binary.macroEnabled.12","[Chris_Rae]"
"application","vnd.ms-excel.sheet.macroEnabled.12","[Chris_Rae]"
"application","vnd.ms-excel.template.macroEnabled.12","[Chris_Rae]"
"application","vnd.ms-fontobject","[Kim_Scarborough]"
"application","vnd.ms-htmlhelp","[Anatoly_Techtonik]"
"application","vnd.ms-ims","[Eric_Ledoux]"
"application","vnd.ms-lrm","[Eric_Ledoux]"
"application","vnd.ms-office.activeX+xml","[Chris_Rae]"
"application","vnd.ms-officetheme","[Chris_Rae]"
"application","vnd.ms-playready.initiator+xml","[Daniel_Schneider]"
"application","vnd.ms-powerpoint","[Sukvinder_S._Gill]"
"application","vnd.ms-powerpoint.addin.macroEnabled.12","[Chris_Rae]"
"application","vnd.ms-powerpoint.presentation.macroEnabled.12","[Chris_Rae]"
"application","vnd.ms-powerpoint.slide.macroEnabled.12","[Chris_Rae]"
"application","vnd.ms-powerpoint.slideshow.macroEnabled.12","[Chris_Rae]"
"application","vnd.ms-powerpoint.template.macroEnabled.12","[Chris_Rae]"
"application","vnd.ms-project","[Sukvinder_S._Gill]"
"application","vnd.ms-tnef","[Sukvinder_S._Gill]"
"application","vnd.ms-windows.printerpairing","[Justin_Hutchings]"
"application","vnd.ms-wmdrm.lic-chlg-req","[Kevin_Lau]"
"application","vnd.ms-wmdrm.lic-resp","[Kevin_Lau]"
"application","vnd.ms-wmdrm.meter-chlg-req","[Kevin_Lau]"
"application","vnd.ms-wmdrm.meter-resp","[Kevin_Lau]"
"application","vnd.ms-word.document.macroEnabled.12","[Chris_Rae]"
"application","vnd.ms-word.template.macroEnabled.12","[Chris_Rae]"
"application","vnd.ms-works","[Sukvinder_S._Gill]"
"application","vnd.ms-wpl","[Dan_Plastina]"
"application","vnd.ms-xpsdocument","[Jesse_McGatha]"
"application","vnd.msign","[Malte_Borcherding]"
"application","vnd.multiad.creator","[Steve_Mills]"
"application","vnd.multiad.creator.cif","[Steve_Mills]"
"application","vnd.musician","[Greg_Adams]"
"application","vnd.music-niff","[Tim_Butler]"
"application","vnd.muvee.style","[Chandrashekhara_Anantharamu]"
"application","vnd.mynfc","[Franck_Lefevre]"
"application","vnd.ncd.control","[Lauri_Tarkkala]"
"application","vnd.ncd.reference","[Lauri_Tarkkala]"
"application","vnd.nervana","[Steve_Judkins]"
"application","vnd.netfpx","[Andy_Mutz]"
"application","vnd.neurolanguage.nlu","[Dan_DuFeu]"
"application","vnd.nintendo.snes.rom","[Henrik_Andersson]"
"application","vnd.nintendo.nitro.rom","[Henrik_Andersson]"
"application","vnd.nitf","[Steve_Rogan]"
"application","vnd.noblenet-directory","[Monty_Solomon]"
"application","vnd.noblenet-sealer","[Monty_Solomon]"
"application","vnd.noblenet-web","[Monty_Solomon]"
"application","vnd.nokia.catalogs","[Nokia]"
"application","vnd.nokia.conml+wbxml","[Nokia]"
"application","vnd.nokia.conml+xml","[Nokia]"
"application","vnd.nokia.iptv.config+xml","[Nokia]"
"application","vnd.nokia.iSDS-radio-presets","[Nokia]"
"application","vnd.nokia.landmark+wbxml","[Nokia]"
"application","vnd.nokia.landmark+xml","[Nokia]"
"application","vnd.nokia.landmarkcollection+xml","[Nokia]"
"application","vnd.nokia.ncd","[Nokia]"
"application","vnd.nokia.n-gage.ac+xml","[Nokia]"
"application","vnd.nokia.n-gage.data","[Nokia]"
"application","vnd.nokia.n-gage.symbian.install","[Nokia] - OBSOLETE; no replacement given"
"application","vnd.nokia.pcd+wbxml","[Nokia]"
"application","vnd.nokia.pcd+xml","[Nokia]"
"application","vnd.nokia.radio-preset","[Nokia]"
"application","vnd.nokia.radio-presets","[Nokia]"
"application","vnd.novadigm.EDM","[Janine_Swenson]"
"application","vnd.novadigm.EDX","[Janine_Swenson]"
"application","vnd.novadigm.EXT","[Janine_Swenson]"
"application","vnd.ntt-local.content-share","[Akinori_Taya]"
"application","vnd.ntt-local.file-transfer","[NTT-local]"
"application","vnd.ntt-local.ogw_remote-access","[NTT-local]"
"application","vnd.ntt-local.sip-ta_remote","[NTT-local]"
"application","vnd.ntt-local.sip-ta_tcp_stream","[NTT-local]"
"application","vnd.oasis.opendocument.chart","[Svante_Schubert][OASIS]"
"application","vnd.oasis.opendocument.chart-template","[Svante_Schubert][OASIS]"
"application","vnd.oasis.opendocument.database","[Svante_Schubert][OASIS]"
"application","vnd.oasis.opendocument.formula","[Svante_Schubert][OASIS]"
"application","vnd.oasis.opendocument.formula-template","[Svante_Schubert][OASIS]"
"application","vnd.oasis.opendocument.graphics","[Svante_Schubert][OASIS]"
"application","vnd.oasis.opendocument.graphics-template","[Svante_Schubert][OASIS]"
"application","vnd.oasis.opendocument.image","[Svante_Schubert][OASIS]"
"application","vnd.oasis.opendocument.image-template","[Svante_Schubert][OASIS]"
"application","vnd.oasis.opendocument.presentation","[Svante_Schubert][OASIS]"
"application","vnd.oasis.opendocument.presentation-template","[Svante_Schubert][OASIS]"
"application","vnd.oasis.opendocument.spreadsheet","[Svante_Schubert][OASIS]"
"application","vnd.oasis.opendocument.spreadsheet-template","[Svante_Schubert][OASIS]"
"application","vnd.oasis.opendocument.text","[Svante_Schubert][OASIS]"
"application","vnd.oasis.opendocument.text-master","[Svante_Schubert][OASIS]"
"application","vnd.oasis.opendocument.text-template","[Svante_Schubert][OASIS]"
"application","vnd.oasis.opendocument.text-web","[Svante_Schubert][OASIS]"
"application","vnd.obn","[Matthias_Hessling]"
"application","vnd.oftn.l10n+json","[Eli_Grey]"
"application","vnd.oipf.contentaccessdownload+xml","[Claire_DEsclercs]"
"application","vnd.oipf.contentaccessstreaming+xml","[Claire_DEsclercs]"
"application","vnd.oipf.cspg-hexbinary","[Claire_DEsclercs]"
"application","vnd.oipf.dae.svg+xml","[Claire_DEsclercs]"
"application","vnd.oipf.dae.xhtml+xml","[Claire_DEsclercs]"
"application","vnd.oipf.mippvcontrolmessage+xml","[Claire_DEsclercs]"
"application","vnd.oipf.pae.gem","[Claire_DEsclercs]"
"application","vnd.oipf.spdiscovery+xml","[Claire_DEsclercs]"
"application","vnd.oipf.spdlist+xml","[Claire_DEsclercs]"
"application","vnd.oipf.ueprofile+xml","[Claire_DEsclercs]"
"application","vnd.oipf.userprofile+xml","[Claire_DEsclercs]"
"application","vnd.olpc-sugar","[John_Palmieri]"
"application","vnd.oma.bcast.associated-procedure-parameter+xml","[Uwe_Rauschenbach][OMNA-Open_Mobile_Naming_Authority]"
"application","vnd.oma.bcast.drm-trigger+xml","[Uwe_Rauschenbach][OMNA-Open_Mobile_Naming_Authority]"
"application","vnd.oma.bcast.imd+xml","[Uwe_Rauschenbach][OMNA-Open_Mobile_Naming_Authority]"
"application","vnd.oma.bcast.ltkm","[Uwe_Rauschenbach][OMNA-Open_Mobile_Naming_Authority]"
"application","vnd.oma.bcast.notification+xml","[Uwe_Rauschenbach][OMNA-Open_Mobile_Naming_Authority]"
"application","vnd.oma.bcast.provisioningtrigger","[Uwe_Rauschenbach][OMNA-Open_Mobile_Naming_Authority]"
"application","vnd.oma.bcast.sgboot","[Uwe_Rauschenbach][OMNA-Open_Mobile_Naming_Authority]"
"application","vnd.oma.bcast.sgdd+xml","[Uwe_Rauschenbach][OMNA-Open_Mobile_Naming_Authority]"
"application","vnd.oma.bcast.sgdu","[Uwe_Rauschenbach][OMNA-Open_Mobile_Naming_Authority]"
"application","vnd.oma.bcast.simple-symbol-container","[Uwe_Rauschenbach][OMNA-Open_Mobile_Naming_Authority]"
"application","vnd.oma.bcast.smartcard-trigger+xml","[Uwe_Rauschenbach][OMNA-Open_Mobile_Naming_Authority]"
"application","vnd.oma.bcast.sprov+xml","[Uwe_Rauschenbach][OMNA-Open_Mobile_Naming_Authority]"
"application","vnd.oma.bcast.stkm","[Uwe_Rauschenbach][OMNA-Open_Mobile_Naming_Authority]"
"application","vnd.oma.cab-address-book+xml","[Hao_Wang][OMA]"
"application","vnd.oma.cab-feature-handler+xml","[Hao_Wang][OMA]"
"application","vnd.oma.cab-pcc+xml","[Hao_Wang][OMA]"
"application","vnd.oma.cab-subs-invite+xml","[Hao_Wang][OMA]"
"application","vnd.oma.cab-user-prefs+xml","[Hao_Wang][OMA]"
"application","vnd.oma.dcd","[Avi_Primo][OMNA-Open_Mobile_Naming_Authority]"
"application","vnd.oma.dcdc","[Avi_Primo][OMNA-Open_Mobile_Naming_Authority]"
"application","vnd.oma.dd2+xml","[Jun_Sato][Open_Mobile_Alliance_BAC_DLDRM_Working_Group]"
"application","vnd.oma.drm.risd+xml","[Uwe_Rauschenbach][OMNA-Open_Mobile_Naming_Authority]"
"application","vnd.oma.group-usage-list+xml","[Sean_Kelley][OMA_Presence_and_Availability_PAG_Working_Group]"
"application","vnd.oma.pal+xml","[Brian_McColgan][OMNA-Open_Mobile_Naming_Authority]"
"application","vnd.oma.poc.detailed-progress-report+xml","[OMA_Push_to_Talk_over_Cellular_POC_Working_Group]"
"application","vnd.oma.poc.final-report+xml","[OMA_Push_to_Talk_over_Cellular_POC_Working_Group]"
"application","vnd.oma.poc.groups+xml","[Sean_Kelley][OMA_Push_to_Talk_over_Cellular_POC_Working_Group]"
"application","vnd.oma.poc.invocation-descriptor+xml","[OMA_Push_to_Talk_over_Cellular_POC_Working_Group]"
"application","vnd.oma.poc.optimized-progress-report+xml","[OMA_Push_to_Talk_over_Cellular_POC_Working_Group]"
"application","vnd.oma.push","[Bryan_Sullivan][OMA]"
"application","vnd.oma.scidm.messages+xml","[Wenjun_Zeng][OMNA-Open_Mobile_Naming_Authority]"
"application","vnd.oma.xcap-directory+xml","[Sean_Kelley][OMA_Presence_and_Availability_PAG_Working_Group]"
"application","vnd.omads-email+xml","[OMA_Data_Synchronization_Working_Group]"
"application","vnd.omads-file+xml","[OMA_Data_Synchronization_Working_Group]"
"application","vnd.omads-folder+xml","[OMA_Data_Synchronization_Working_Group]"
"application","vnd.omaloc-supl-init","[Julien_Grange]"
"application","vnd.oma-scws-config","[Ilan_Mahalal]"
"application","vnd.oma-scws-http-request","[Ilan_Mahalal]"
"application","vnd.oma-scws-http-response","[Ilan_Mahalal]"
"application","vnd.openeye.oeb","[Craig_Bruce]"
"application","vnd.openxmlformats-officedocument.custom-properties+xml","[Makoto_Murata]"
"application","vnd.openxmlformats-officedocument.customXmlProperties+xml","[Makoto_Murata]"
"application","vnd.openxmlformats-officedocument.drawing+xml","[Makoto_Murata]"
"application","vnd.openxmlformats-officedocument.drawingml.chart+xml","[Makoto_Murata]"
"application","vnd.openxmlformats-officedocument.drawingml.chartshapes+xml","[Makoto_Murata]"
"application","vnd.openxmlformats-officedocument.drawingml.diagramColors+xml","[Makoto_Murata]"
"application","vnd.openxmlformats-officedocument.drawingml.diagramData+xml","[Makoto_Murata]"
"application","vnd.openxmlformats-officedocument.drawingml.diagramLayout+xml","[Makoto_Murata]"
"application","vnd.openxmlformats-officedocument.drawingml.diagramStyle+xml","[Makoto_Murata]"
"application","vnd.openxmlformats-officedocument.extended-properties+xml","[Makoto_Murata]"
"application","vnd.openxmlformats-officedocument.presentationml.commentAuthors+xml","[Makoto_Murata]"
"application","vnd.openxmlformats-officedocument.presentationml.comments+xml","[Makoto_Murata]"
"application","vnd.openxmlformats-officedocument.presentationml.handoutMaster+xml","[Makoto_Murata]"
"application","vnd.openxmlformats-officedocument.presentationml.notesMaster+xml","[Makoto_Murata]"
"application","vnd.openxmlformats-officedocument.presentationml.notesSlide+xml","[Makoto_Murata]"
"application","vnd.openxmlformats-officedocument.presentationml.presentation","[Makoto_Murata]"
"application","vnd.openxmlformats-officedocument.presentationml.presentation.main+xml","[Makoto_Murata]"
"application","vnd.openxmlformats-officedocument.presentationml.presProps+xml","[Makoto_Murata]"
"application","vnd.openxmlformats-officedocument.presentationml.slide","[Makoto_Murata]"
"application","vnd.openxmlformats-officedocument.presentationml.slide+xml","[Makoto_Murata]"
"application","vnd.openxmlformats-officedocument.presentationml.slideLayout+xml","[Makoto_Murata]"
"application","vnd.openxmlformats-officedocument.presentationml.slideMaster+xml","[Makoto_Murata]"
"application","vnd.openxmlformats-officedocument.presentationml.slideshow","[Makoto_Murata]"
"application","vnd.openxmlformats-officedocument.presentationml.slideshow.main+xml","[Makoto_Murata]"
"application","vnd.openxmlformats-officedocument.presentationml.slideUpdateInfo+xml","[Makoto_Murata]"
"application","vnd.openxmlformats-officedocument.presentationml.tableStyles+xml","[Makoto_Murata]"
"application","vnd.openxmlformats-officedocument.presentationml.tags+xml","[Makoto_Murata]"
"application","vnd.openxmlformats-officedocument.presentationml.template","[Makoto_Murata]"
"application","vnd.openxmlformats-officedocument.presentationml.template.main+xml","[Makoto_Murata]"
"application","vnd.openxmlformats-officedocument.presentationml.viewProps+xml","[Makoto_Murata]"
"application","vnd.openxmlformats-officedocument.spreadsheetml.calcChain+xml","[Makoto_Murata]"
"application","vnd.openxmlformats-officedocument.spreadsheetml.chartsheet+xml","[Makoto_Murata]"
"application","vnd.openxmlformats-officedocument.spreadsheetml.comments+xml","[Makoto_Murata]"
"application","vnd.openxmlformats-officedocument.spreadsheetml.connections+xml","[Makoto_Murata]"
"application","vnd.openxmlformats-officedocument.spreadsheetml.dialogsheet+xml","[Makoto_Murata]"
"application","vnd.openxmlformats-officedocument.spreadsheetml.externalLink+xml","[Makoto_Murata]"
"application","vnd.openxmlformats-officedocument.spreadsheetml.pivotCacheDefinition+xml","[Makoto_Murata]"
"application","vnd.openxmlformats-officedocument.spreadsheetml.pivotCacheRecords+xml","[Makoto_Murata]"
"application","vnd.openxmlformats-officedocument.spreadsheetml.pivotTable+xml","[Makoto_Murata]"
"application","vnd.openxmlformats-officedocument.spreadsheetml.queryTable+xml","[Makoto_Murata]"
"application","vnd.openxmlformats-officedocument.spreadsheetml.revisionHeaders+xml","[Makoto_Murata]"
"application","vnd.openxmlformats-officedocument.spreadsheetml.revisionLog+xml","[Makoto_Murata]"
"application","vnd.openxmlformats-officedocument.spreadsheetml.sharedStrings+xml","[Makoto_Murata]"
"application","vnd.openxmlformats-officedocument.spreadsheetml.sheet","[Makoto_Murata]"
"application","vnd.openxmlformats-officedocument.spreadsheetml.sheet.main+xml","[Makoto_Murata]"
"application","vnd.openxmlformats-officedocument.spreadsheetml.sheetMetadata+xml","[Makoto_Murata]"
"application","vnd.openxmlformats-officedocument.spreadsheetml.styles+xml","[Makoto_Murata]"
"application","vnd.openxmlformats-officedocument.spreadsheetml.table+xml","[Makoto_Murata]"
"application","vnd.openxmlformats-officedocument.spreadsheetml.tableSingleCells+xml","[Makoto_Murata]"
"application","vnd.openxmlformats-officedocument.spreadsheetml.template","[Makoto_Murata]"
"application","vnd.openxmlformats-officedocument.spreadsheetml.template.main+xml","[Makoto_Murata]"
"application","vnd.openxmlformats-officedocument.spreadsheetml.userNames+xml","[Makoto_Murata]"
"application","vnd.openxmlformats-officedocument.spreadsheetml.volatileDependencies+xml","[Makoto_Murata]"
"application","vnd.openxmlformats-officedocument.spreadsheetml.worksheet+xml","[Makoto_Murata]"
"application","vnd.openxmlformats-officedocument.theme+xml","[Makoto_Murata]"
"application","vnd.openxmlformats-officedocument.themeOverride+xml","[Makoto_Murata]"
"application","vnd.openxmlformats-officedocument.vmlDrawing","[Makoto_Murata]"
"application","vnd.openxmlformats-officedocument.wordprocessingml.comments+xml","[Makoto_Murata]"
"application","vnd.openxmlformats-officedocument.wordprocessingml.document","[Makoto_Murata]"
"application","vnd.openxmlformats-officedocument.wordprocessingml.document.glossary+xml","[Makoto_Murata]"
"application","vnd.openxmlformats-officedocument.wordprocessingml.document.main+xml","[Makoto_Murata]"
"application","vnd.openxmlformats-officedocument.wordprocessingml.endnotes+xml","[Makoto_Murata]"
"application","vnd.openxmlformats-officedocument.wordprocessingml.fontTable+xml","[Makoto_Murata]"
"application","vnd.openxmlformats-officedocument.wordprocessingml.footer+xml","[Makoto_Murata]"
"application","vnd.openxmlformats-officedocument.wordprocessingml.footnotes+xml","[Makoto_Murata]"
"application","vnd.openxmlformats-officedocument.wordprocessingml.numbering+xml","[Makoto_Murata]"
"application","vnd.openxmlformats-officedocument.wordprocessingml.settings+xml","[Makoto_Murata]"
"application","vnd.openxmlformats-officedocument.wordprocessingml.styles+xml","[Makoto_Murata]"
"application","vnd.openxmlformats-officedocument.wordprocessingml.template","[Makoto_Murata]"
"application","vnd.openxmlformats-officedocument.wordprocessingml.template.main+xml","[Makoto_Murata]"
"application","vnd.openxmlformats-officedocument.wordprocessingml.webSettings+xml","[Makoto_Murata]"
"application","vnd.openxmlformats-package.core-properties+xml","[Makoto_Murata]"
"application","vnd.openxmlformats-package.digital-signature-xmlsignature+xml","[Makoto_Murata]"
"application","vnd.openxmlformats-package.relationships+xml","[Makoto_Murata]"
"application","vnd.oracle.resource+json","[Ning_Dong]"
"application","vnd.orange.indata","[CHATRAS_Bruno]"
"application","vnd.osa.netdeploy","[Steven_Klos]"
"application","vnd.osgeo.mapguide.package","[Jason_Birch]"
"application","vnd.osgi.bundle","[Peter_Kriens]"
"application","vnd.osgi.dp","[Peter_Kriens]"
"application","vnd.osgi.subsystem","[Peter_Kriens]"
"application","vnd.otps.ct-kip+xml","[Magnus_Nystrom]"
"application","vnd.palm","[Gavin_Peacock]"
"application","vnd.panoply","[Natarajan_Balasundara]"
"application","vnd.paos.xml","[John_Kemp]"
"application","vnd.pawaafile","[Prakash_Baskaran]"
"application","vnd.pcos","[Slawomir_Lisznianski]"
"application","vnd.pg.format","[April_Gandert]"
"application","vnd.pg.osasli","[April_Gandert]"
"application","vnd.piaccess.application-licence","[Lucas_Maneos]"
"application","vnd.picsel","[Giuseppe_Naccarato]"
"application","vnd.pmi.widget","[Rhys_Lewis]"
"application","vnd.poc.group-advertisement+xml","[Sean_Kelley][OMA_Push_to_Talk_over_Cellular_POC_Working_Group]"
"application","vnd.pocketlearn","[Jorge_Pando]"
"application","vnd.powerbuilder6","[David_Guy]"
"application","vnd.powerbuilder6-s","[David_Guy]"
"application","vnd.powerbuilder7","[Reed_Shilts]"
"application","vnd.powerbuilder75","[Reed_Shilts]"
"application","vnd.powerbuilder75-s","[Reed_Shilts]"
"application","vnd.powerbuilder7-s","[Reed_Shilts]"
"application","vnd.preminet","[Juoko_Tenhunen]"
"application","vnd.previewsystems.box","[Roman_Smolgovsky]"
"application","vnd.proteus.magazine","[Pete_Hoch]"
"application","vnd.publishare-delta-tree","[Oren_Ben-Kiki]"
"application","vnd.pvi.ptid1","[Charles_P._Lamb]"
"application","vnd.pwg-multiplexed","[RFC3391]"
"application","vnd.pwg-xhtml-print+xml","[Don_Wright]"
"application","vnd.qualcomm.brew-app-res","[Glenn_Forrester]"
"application","vnd.Quark.QuarkXPress","[Hannes_Scheidler]"
"application","vnd.quobject-quoxdocument","[Matthias_Ludwig]"
"application","vnd.radisys.moml+xml","[RFC5707]"
"application","vnd.radisys.msml-audit-conf+xml","[RFC5707]"
"application","vnd.radisys.msml-audit-conn+xml","[RFC5707]"
"application","vnd.radisys.msml-audit-dialog+xml","[RFC5707]"
"application","vnd.radisys.msml-audit-stream+xml","[RFC5707]"
"application","vnd.radisys.msml-audit+xml","[RFC5707]"
"application","vnd.radisys.msml-conf+xml","[RFC5707]"
"application","vnd.radisys.msml-dialog-base+xml","[RFC5707]"
"application","vnd.radisys.msml-dialog-fax-detect+xml","[RFC5707]"
"application","vnd.radisys.msml-dialog-fax-sendrecv+xml","[RFC5707]"
"application","vnd.radisys.msml-dialog-group+xml","[RFC5707]"
"application","vnd.radisys.msml-dialog-speech+xml","[RFC5707]"
"application","vnd.radisys.msml-dialog-transform+xml","[RFC5707]"
"application","vnd.radisys.msml-dialog+xml","[RFC5707]"
"application","vnd.radisys.msml+xml","[RFC5707]"
"application","vnd.rainstor.data","[Kevin_Crook]"
"application","vnd.rapid","[Etay_Szekely]"
"application","vnd.realvnc.bed","[Nick_Reeves]"
"application","vnd.recordare.musicxml","[Michael_Good]"
"application","vnd.recordare.musicxml+xml","[Michael_Good]"
"application","vnd.RenLearn.rlprint","[James_Wick]"
"application","vnd.rig.cryptonote","[Ken_Jibiki]"
"application","vnd.route66.link66+xml","[Sybren_Kikstra]"
"application","vnd.rs-274x","[Lee_Harding]"
"application","vnd.ruckus.download","[Jerry_Harris]"
"application","vnd.s3sms","[Lauri_Tarkkala]"
"application","vnd.sailingtracker.track","[Heikki_Vesalainen]"
"application","vnd.sbm.cid","[Shinji_Kusakari]"
"application","vnd.sbm.mid2","[Masanori_Murai]"
"application","vnd.scribus","[Craig_Bradney]"
"application","vnd.sealed.3df","[John_Kwan]"
"application","vnd.sealed.csf","[John_Kwan]"
"application","vnd.sealed.doc","[David_Petersen]"
"application","vnd.sealed.eml","[David_Petersen]"
"application","vnd.sealed.mht","[David_Petersen]"
"application","vnd.sealed.net","[Martin_Lambert]"
"application","vnd.sealed.ppt","[David_Petersen]"
"application","vnd.sealed.tiff","[John_Kwan][Martin_Lambert]"
"application","vnd.sealed.xls","[David_Petersen]"
"application","vnd.sealedmedia.softseal.html","[David_Petersen]"
"application","vnd.sealedmedia.softseal.pdf","[David_Petersen]"
"application","vnd.seemail","[Steve_Webb]"
"application","vnd.sema","[Anders_Hansson]"
"application","vnd.semd","[Anders_Hansson]"
"application","vnd.semf","[Anders_Hansson]"
"application","vnd.shana.informed.formdata","[Guy_Selzler]"
"application","vnd.shana.informed.formtemplate","[Guy_Selzler]"
"application","vnd.shana.informed.interchange","[Guy_Selzler]"
"application","vnd.shana.informed.package","[Guy_Selzler]"
"application","vnd.SimTech-MindMapper","[Patrick_Koh]"
"application","vnd.siren+json","[Kevin_Swiber]"
"application","vnd.smaf","[Hiroaki_Takahashi]"
"application","vnd.smart.notebook","[Jonathan_Neitz]"
"application","vnd.smart.teacher","[Michael_Boyle]"
"application","vnd.software602.filler.form+xml","[Jakub_Hytka][Martin_Vondrous]"
"application","vnd.software602.filler.form-xml-zip","[Jakub_Hytka][Martin_Vondrous]"
"application","vnd.solent.sdkm+xml","[Cliff_Gauntlett]"
"application","vnd.spotfire.dxp","[Stefan_Jernberg]"
"application","vnd.spotfire.sfs","[Stefan_Jernberg]"
"application","vnd.sss-cod","[Asang_Dani]"
"application","vnd.sss-dtf","[Eric_Bruno]"
"application","vnd.sss-ntf","[Eric_Bruno]"
"application","vnd.stepmania.package","[Henrik_Andersson]"
"application","vnd.stepmania.stepchart","[Henrik_Andersson]"
"application","vnd.street-stream","[Glenn_Levitt]"
"application","vnd.sun.wadl+xml","[Marc_Hadley]"
"application","vnd.sus-calendar","[Jonathan_Niedfeldt]"
"application","vnd.svd","[Scott_Becker]"
"application","vnd.swiftview-ics","[Glenn_Widener]"
"application","vnd.syncml.dm.notification","[Peter_Thompson][OMA-DM_Work_Group]"
"application","vnd.syncml.dmddf+xml","[OMA-DM_Work_Group]"
"application","vnd.syncml.dmtnds+wbxml","[OMA-DM_Work_Group]"
"application","vnd.syncml.dmtnds+xml","[OMA-DM_Work_Group]"
"application","vnd.syncml.dmddf+wbxml","[OMA-DM_Work_Group]"
"application","vnd.syncml.dm+wbxml","[OMA-DM_Work_Group]"
"application","vnd.syncml.dm+xml","[Bindu_Rama_Rao][OMA-DM_Work_Group]"
"application","vnd.syncml.ds.notification","[OMA_Data_Synchronization_Working_Group]"
"application","vnd.syncml+xml","[OMA_Data_Synchronization_Working_Group]"
"application","vnd.tao.intent-module-archive","[Daniel_Shelton]"
"application","vnd.tcpdump.pcap","[Guy_Harris][Glen_Turner]"
"application","vnd.tmd.mediaflex.api+xml","[Alex_Sibilev]"
"application","vnd.tmobile-livetv","[Nicolas_Helin]"
"application","vnd.trid.tpt","[Frank_Cusack]"
"application","vnd.triscape.mxs","[Steven_Simonoff]"
"application","vnd.trueapp","[J._Scott_Hepler]"
"application","vnd.truedoc","[Brad_Chase]"
"application","vnd.ubisoft.webplayer","[Martin_Talbot]"
"application","vnd.ufdl","[Dave_Manning]"
"application","vnd.uiq.theme","[Tim_Ocock]"
"application","vnd.umajin","[Jamie_Riden]"
"application","vnd.unity","[Unity3d]"
"application","vnd.uoml+xml","[Arne_Gerdes]"
"application","vnd.uplanet.alert","[Bruce_Martin]"
"application","vnd.uplanet.alert-wbxml","[Bruce_Martin]"
"application","vnd.uplanet.bearer-choice","[Bruce_Martin]"
"application","vnd.uplanet.bearer-choice-wbxml","[Bruce_Martin]"
"application","vnd.uplanet.cacheop","[Bruce_Martin]"
"application","vnd.uplanet.cacheop-wbxml","[Bruce_Martin]"
"application","vnd.uplanet.channel","[Bruce_Martin]"
"application","vnd.uplanet.channel-wbxml","[Bruce_Martin]"
"application","vnd.uplanet.list","[Bruce_Martin]"
"application","vnd.uplanet.listcmd","[Bruce_Martin]"
"application","vnd.uplanet.listcmd-wbxml","[Bruce_Martin]"
"application","vnd.uplanet.list-wbxml","[Bruce_Martin]"
"application","vnd.uplanet.signal","[Bruce_Martin]"
"application","vnd.valve.source.material","[Henrik_Andersson]"
"application","vnd.vcx","[Taisuke_Sugimoto]"
"application","vnd.vd-study","[Luc_Rogge]"
"application","vnd.vectorworks","[Lyndsey_Ferguson][Biplab_Sarkar]"
"application","vnd.verimatrix.vcas","[Petr_Peterka]"
"application","vnd.vidsoft.vidconference","[Robert_Hess]"
"application","vnd.visio","[Troy_Sandal]"
"application","vnd.visionary","[Gayatri_Aravindakumar]"
"application","vnd.vividence.scriptfile","[Mark_Risher]"
"application","vnd.vsf","[Delton_Rowe]"
"application","vnd.wap.sic","[WAP-Forum]"
"application","vnd.wap.slc","[WAP-Forum]"
"application","vnd.wap.wbxml","[Peter_Stark]"
"application","vnd.wap.wmlc","[Peter_Stark]"
"application","vnd.wap.wmlscriptc","[Peter_Stark]"
"application","vnd.webturbo","[Yaser_Rehem]"
"application","vnd.wfa.p2p","[Mick_Conley]"
"application","vnd.wfa.wsc","[Wi-Fi_Alliance]"
"application","vnd.windows.devicepairing","[Priya_Dandawate]"
"application","vnd.wmc","[Thomas_Kjornes]"
"application","vnd.wmf.bootstrap","[Thinh_Nguyenphu][Prakash_Iyer]"
"application","vnd.wolfram.mathematica","[Wolfram]"
"application","vnd.wolfram.mathematica.package","[Wolfram]"
"application","vnd.wolfram.player","[Wolfram]"
"application","vnd.wordperfect","[Kim_Scarborough]"
"application","vnd.wqd","[Jan_Bostrom]"
"application","vnd.wrq-hp3000-labelled","[Chris_Bartram]"
"application","vnd.wt.stf","[Bill_Wohler]"
"application","vnd.wv.csp+xml","[John_Ingi_Ingimundarson]"
"application","vnd.wv.csp+wbxml","[Matti_Salmi]"
"application","vnd.wv.ssp+xml","[John_Ingi_Ingimundarson]"
"application","vnd.xacml+json","[David_Brossard]"
"application","vnd.xara","[David_Matthewman]"
"application","vnd.xfdl","[Dave_Manning]"
"application","vnd.xfdl.webform","[Michael_Mansell]"
"application","vnd.xmi+xml","[Fred_Waskiewicz]"
"application","vnd.xmpie.cpkg","[Reuven_Sherwin]"
"application","vnd.xmpie.dpkg","[Reuven_Sherwin]"
"application","vnd.xmpie.plan","[Reuven_Sherwin]"
"application","vnd.xmpie.ppkg","[Reuven_Sherwin]"
"application","vnd.xmpie.xlim","[Reuven_Sherwin]"
"application","vnd.yamaha.hv-dic","[Tomohiro_Yamamoto]"
"application","vnd.yamaha.hv-script","[Tomohiro_Yamamoto]"
"application","vnd.yamaha.hv-voice","[Tomohiro_Yamamoto]"
"application","vnd.yamaha.openscoreformat.osfpvg+xml","[Mark_Olleson]"
"application","vnd.yamaha.openscoreformat","[Mark_Olleson]"
"application","vnd.yamaha.remote-setup","[Takehiro_Sukizaki]"
"application","vnd.yamaha.smaf-audio","[Keiichi_Shinoda]"
"application","vnd.yamaha.smaf-phrase","[Keiichi_Shinoda]"
"application","vnd.yamaha.through-ngn","[Takehiro_Sukizaki]"
"application","vnd.yamaha.tunnel-udpencap","[Takehiro_Sukizaki]"
"application","vnd.yaoweme","[Jens_Jorgensen]"
"application","vnd.yellowriver-custom-menu","[Mr._Yellow]"
"application","vnd.zul","[Rene_Grothmann]"
"application","vnd.zzazz.deck+xml","[Micheal_Hewett]"
"application","voicexml+xml","[RFC4267]"
"application","vq-rtcpxr","[RFC6035]"
"application","watcherinfo+xml","[RFC3858]"
"application","whoispp-query","[RFC2957]"
"application","whoispp-response","[RFC2958]"
"application","widget","[W3C][Steven_Pemberton][ISO/IEC 19757-2:2003/FDAM-1]"
"application","wita","[Larry_Campbell]"
"application","wordperfect5.1","[Paul_Lindner]"
"application","wsdl+xml","[W3C]"
"application","wspolicy+xml","[W3C]"
"application","x-www-form-urlencoded","[W3C][Robin_Berjon]"
"application","x400-bp","[RFC1494]"
"application","xacml+xml","[RFC7061]"
"application","xcap-att+xml","[RFC4825]"
"application","xcap-caps+xml","[RFC4825]"
"application","xcap-diff+xml","[RFC5874]"
"application","xcap-el+xml","[RFC4825]"
"application","xcap-error+xml","[RFC4825]"
"application","xcap-ns+xml","[RFC4825]"
"application","xcon-conference-info-diff+xml","[RFC6502]"
"application","xcon-conference-info+xml","[RFC6502]"
"application","xenc+xml","[Joseph_Reagle][XENC_Working_Group]"
"application","xhtml-voice+xml","[draft-mccobb-xplusv-media-type] - OBSOLETE; no replacement given"
"application","xhtml+xml","[W3C][Robin_Berjon]"
"application","xml","[RFC7303]"
"application","xml-dtd","[RFC7303]"
"application","xml-external-parsed-entity","[RFC7303]"
"application","xml-patch+xml","[RFC7351]"
"application","xmpp+xml","[RFC3923]"
"application","xop+xml","[Mark_Nottingham]"
"application","xslt+xml","[W3C][http://www.w3.org/TR/2007/REC-xslt20-20070123/#media-type-registration]"
"application","xv+xml","[RFC4374]"
"application","yang","[RFC6020]"
"application","yin+xml","[RFC6020]"
"application","zip","[Paul_Lindner]"
"application","zlib","[RFC6713]"
"audio","1d-interleaved-parityfec","[RFC6015]"
"audio","32kadpcm","[RFC3802][RFC2421]"
"audio","3gpp","[RFC3839][RFC6381]"
"audio","3gpp2","[RFC4393][RFC6381]"
"audio","ac3","[RFC4184]"
"audio","AMR","[RFC4867]"
"audio","AMR-WB","[RFC4867]"
"audio","amr-wb+","[RFC4352]"
"audio","aptx","[RFC7310]"
"audio","asc","[RFC6295]"
"audio","ATRAC-ADVANCED-LOSSLESS","[RFC5584]"
"audio","ATRAC-X","[RFC5584]"
"audio","ATRAC3","[RFC5584]"
"audio","basic","[RFC2045][RFC2046]"
"audio","BV16","[RFC4298]"
"audio","BV32","[RFC4298]"
"audio","clearmode","[RFC4040]"
"audio","CN","[RFC3389]"
"audio","DAT12","[RFC3190]"
"audio","dls","[RFC4613]"
"audio","dsr-es201108","[RFC3557]"
"audio","dsr-es202050","[RFC4060]"
"audio","dsr-es202211","[RFC4060]"
"audio","dsr-es202212","[RFC4060]"
"audio","DV","[RFC6469]"
"audio","DVI4","[RFC4856]"
"audio","eac3","[RFC4598]"
"audio","encaprtp","[RFC6849]"
"audio","EVRC","[RFC4788]"
"audio","EVRC-QCP","[RFC3625]"
"audio","EVRC0","[RFC4788]"
"audio","EVRC1","[RFC4788]"
"audio","EVRCB","[RFC5188]"
"audio","EVRCB0","[RFC5188]"
"audio","EVRCB1","[RFC4788]"
"audio","EVRCNW","[RFC6884]"
"audio","EVRCNW0","[RFC6884]"
"audio","EVRCNW1","[RFC6884]"
"audio","EVRCWB","[RFC5188]"
"audio","EVRCWB0","[RFC5188]"
"audio","EVRCWB1","[RFC5188]"
"audio","example","[RFC4735]"
"audio","fwdred","[RFC6354]"
"audio","G719","[RFC5404][RFC Errata 
          3245]"
"audio","G7221","[RFC5577]"
"audio","G722","[RFC4856]"
"audio","G723","[RFC4856]"
"audio","G726-16","[RFC4856]"
"audio","G726-24","[RFC4856]"
"audio","G726-32","[RFC4856]"
"audio","G726-40","[RFC4856]"
"audio","G728","[RFC4856]"
"audio","G729","[RFC4856]"
"audio","G7291","[RFC4749][RFC5459]"
"audio","G729D","[RFC4856]"
"audio","G729E","[RFC4856]"
"audio","GSM","[RFC4856]"
"audio","GSM-EFR","[RFC4856]"
"audio","GSM-HR-08","[RFC5993]"
"audio","iLBC","[RFC3952]"
"audio","ip-mr_v2.5","[RFC6262]"
"audio","L8","[RFC4856]"
"audio","L16","[RFC4856]"
"audio","L20","[RFC3190]"
"audio","L24","[RFC3190]"
"audio","LPC","[RFC4856]"
"audio","mobile-xmf","[RFC4723]"
"audio","MPA","[RFC3555]"
"audio","mp4","[RFC4337][RFC6381]"
"audio","MP4A-LATM","[RFC6416]"
"audio","mpa-robust","[RFC5219]"
"audio","mpeg","[RFC3003]"
"audio","mpeg4-generic","[RFC3640][RFC5691][RFC6295]"
"audio","ogg","[RFC5334]"
"audio","parityfec","[RFC5109]"
"audio","PCMA","[RFC4856]"
"audio","PCMA-WB","[RFC5391]"
"audio","PCMU","[RFC4856]"
"audio","PCMU-WB","[RFC5391]"
"audio","prs.sid","[Linus_Walleij]"
"audio","QCELP","[RFC3555][RFC3625]"
"audio","raptorfec","[RFC6682]"
"audio","RED","[RFC3555]"
"audio","rtp-enc-aescm128","[ThreeGPP]"
"audio","rtploopback","[RFC6849]"
"audio","rtp-midi","[RFC6295]"
"audio","rtx","[RFC4588]"
"audio","SMV","[RFC3558]"
"audio","SMV0","[RFC3558]"
"audio","SMV-QCP","[RFC3625]"
"audio","sp-midi","[Timo_Kosonen][Tom_White]"
"audio","speex","[RFC5574]"
"audio","t140c","[RFC4351]"
"audio","t38","[RFC4612]"
"audio","telephone-event","[RFC4733]"
"audio","tone","[RFC4733]"
"audio","UEMCLIP","[RFC5686]"
"audio","ulpfec","[RFC5109]"
"audio","VDVI","[RFC4856]"
"audio","VMR-WB","[RFC4348][RFC4424]"
"audio","vnd.3gpp.iufp","[Thomas_Belling]"
"audio","vnd.4SB","[Serge_De_Jaham]"
"audio","vnd.audiokoz","[Vicki_DeBarros]"
"audio","vnd.CELP","[Serge_De_Jaham]"
"audio","vnd.cisco.nse","[Rajesh_Kumar]"
"audio","vnd.cmles.radio-events","[Jean-Philippe_Goulet]"
"audio","vnd.cns.anp1","[Ann_McLaughlin]"
"audio","vnd.cns.inf1","[Ann_McLaughlin]"
"audio","vnd.dece.audio","[Michael_A_Dolan]"
"audio","vnd.digital-winds","[Armands_Strazds]"
"audio","vnd.dlna.adts","[Edwin_Heredia]"
"audio","vnd.dolby.heaac.1","[Steve_Hattersley]"
"audio","vnd.dolby.heaac.2","[Steve_Hattersley]"
"audio","vnd.dolby.mlp","[Mike_Ward]"
"audio","vnd.dolby.mps","[Steve_Hattersley]"
"audio","vnd.dolby.pl2","[Steve_Hattersley]"
"audio","vnd.dolby.pl2x","[Steve_Hattersley]"
"audio","vnd.dolby.pl2z","[Steve_Hattersley]"
"audio","vnd.dolby.pulse.1","[Steve_Hattersley]"
"audio","vnd.dra","[Jiang_Tian]"
"audio","vnd.dts","[William_Zou]"
"audio","vnd.dts.hd","[William_Zou]"
"audio","vnd.dvb.file","[Peter_Siebert]"
"audio","vnd.everad.plj","[Shay_Cicelsky]"
"audio","vnd.hns.audio","[Swaminathan]"
"audio","vnd.lucent.voice","[Greg_Vaudreuil]"
"audio","vnd.ms-playready.media.pya","[Steve_DiAcetis]"
"audio","vnd.nokia.mobile-xmf","[Nokia]"
"audio","vnd.nortel.vbk","[Glenn_Parsons]"
"audio","vnd.nuera.ecelp4800","[Michael_Fox]"
"audio","vnd.nuera.ecelp7470","[Michael_Fox]"
"audio","vnd.nuera.ecelp9600","[Michael_Fox]"
"audio","vnd.octel.sbc","[Greg_Vaudreuil]"
"audio","vnd.qcelp - DEPRECATED in favor of audio/qcelp","[RFC3625]"
"audio","vnd.rhetorex.32kadpcm","[Greg_Vaudreuil]"
"audio","vnd.rip","[Martin_Dawe]"
"audio","vnd.sealedmedia.softseal.mpeg","[David_Petersen]"
"audio","vnd.vmx.cvsd","[Greg_Vaudreuil]"
"audio","vorbis","[RFC5215]"
"audio","vorbis-config","[RFC5215]"
"image","cgm","[Alan_Francis]"
"image","example","[RFC4735]"
"image","fits","[RFC4047]"
"image","g3fax","[RFC1494]"
"image","gif","[RFC2045][RFC2046]"
"image","ief","[RFC1314]"
"image","jp2","[RFC3745]"
"image","jpeg","[RFC2045][RFC2046]"
"image","jpm","[RFC3745]"
"image","jpx","[RFC3745]"
"image","ktx","[Mark_Callow][Khronos][http://www.khronos.org/opengles/sdk/tools/KTX/file_format_spec/#mimeregistration]"
"image","naplps","[Ilya_Ferber]"
"image","png","[Glenn_Randers-Pehrson]"
"image","prs.btif","[Ben_Simon]"
"image","prs.pti","[Juern_Laun]"
"image","pwg-raster","[Michael_Sweet]"
"image","svg+xml","[W3C][http://www.w3.org/TR/SVG/mimereg.html]"
"image","t38","[RFC3362]"
"image","tiff","[RFC3302]"
"image","tiff-fx","[RFC3950]"
"image","vnd.adobe.photoshop","[Kim_Scarborough]"
"image","vnd.airzip.accelerator.azv","[Gary_Clueit]"
"image","vnd.cns.inf2","[Ann_McLaughlin]"
"image","vnd.dece.graphic","[Michael_A_Dolan]"
"image","vnd.djvu","[Leon_Bottou]"
"image","vnd.dwg","[Jodi_Moline]"
"image","vnd.dxf","[Jodi_Moline]"
"image","vnd.dvb.subtitle","[Peter_Siebert][Michael_Lagally]"
"image","vnd.fastbidsheet","[Scott_Becker]"
"image","vnd.fpx","[Marc_Douglas_Spencer]"
"image","vnd.fst","[Arild_Fuldseth]"
"image","vnd.fujixerox.edmics-mmr","[Masanori_Onda]"
"image","vnd.fujixerox.edmics-rlc","[Masanori_Onda]"
"image","vnd.globalgraphics.pgb","[Martin_Bailey]"
"image","vnd.microsoft.icon","[Simon_Butcher]"
"image","vnd.mix","[Saveen_Reddy]"
"image","vnd.ms-modi","[Gregory_Vaughan]"
"image","vnd.net-fpx","[Marc_Douglas_Spencer]"
"image","vnd.radiance","[Randolph_Fritz][Greg_Ward]"
"image","vnd.sealed.png","[David_Petersen]"
"image","vnd.sealedmedia.softseal.gif","[David_Petersen]"
"image","vnd.sealedmedia.softseal.jpg","[David_Petersen]"
"image","vnd.svf","[Jodi_Moline]"
"image","vnd.tencent.tap","[Ni_Hui]"
"image","vnd.valve.source.texture","[Henrik_Andersson]"
"image","vnd.wap.wbmp","[Peter_Stark]"
"image","vnd.xiff","[Steven_Martin]"
"message","CPIM","[RFC3862]"
"message","delivery-status","[RFC1894]"
"message","disposition-notification","[RFC3798]"
"message","example","[RFC4735]"
"message","external-body","[RFC2045][RFC2046]"
"message","feedback-report","[RFC5965]"
"message","global","[RFC6532]"
"message","global-delivery-status","[RFC6533]"
"message","global-disposition-notification","[RFC6533]"
"message","global-headers","[RFC6533]"
"message","http","[RFC7230]"
"message","imdn+xml","[RFC5438]"
"message","news","[RFC5537][Henry_Spencer] - OBSOLETED by RFC5537"
"message","partial","[RFC2045][RFC2046]"
"message","rfc822","[RFC2045][RFC2046]"
"message","s-http","[RFC2660]"
"message","sip","[RFC3261]"
"message","sipfrag","[RFC3420]"
"message","tracking-status","[RFC3886]"
"message","vnd.si.simp","[Nicholas_Parks_Young] - OBSOLETED by request"
"message","vnd.wfa.wsc","[Mick_Conley]"
"model","example","[RFC4735]"
"model","iges","[Curtis_Parks]"
"model","mesh","[RFC2077]"
"model","vnd.collada+xml","[James_Riordon]"
"model","vnd.dwf","[Jason_Pratt]"
"model","vnd.flatland.3dml","[Michael_Powers]"
"model","vnd.gdl","[Attila_Babits]"
"model","vnd.gs-gdl","[Attila_Babits]"
"model","vnd.gtw","[Yutaka_Ozaki]"
"model","vnd.moml+xml","[Christopher_Brooks]"
"model","vnd.mts","[Boris_Rabinovitch]"
"model","vnd.opengex","[Eric_Lengyel]"
"model","vnd.parasolid.transmit.binary","[Parasolid]"
"model","vnd.parasolid.transmit.text","[Parasolid]"
"model","vnd.valve.source.compiled-map","[Henrik_Andersson]"
"model","vnd.vtu","[Boris_Rabinovitch]"
"model","vrml","[RFC2077]"
"model","x3d-vrml","[Web3D][Web3D_X3D]"
"model","x3d+fastinfoset","[Web3D_X3D]"
"model","x3d+xml","[Web3D][Web3D_X3D]"
"multipart","alternative","[RFC2046][RFC2045]"
"multipart","appledouble","[Patrik_Faltstrom]"
"multipart","byteranges","[RFC7233]"
"multipart","digest","[RFC2046][RFC2045]"
"multipart","encrypted","[RFC1847]"
"multipart","example","[RFC4735]"
"multipart","form-data","[RFC2388]"
"multipart","header-set","[Dave_Crocker]"
"multipart","mixed","[RFC2046][RFC2045]"
"multipart","parallel","[RFC2046][RFC2045]"
"multipart","related","[RFC2387]"
"multipart","report","[RFC6522]"
"multipart","signed","[RFC1847]"
"multipart","voice-message","[RFC2421][RFC2423]"
"multipart","x-mixed-replace","[W3C][Robin_Berjon]"
"text","1d-interleaved-parityfec","[RFC6015]"
"text","cache-manifest","[W3C][Robin_Berjon]"
"text","calendar","[RFC5545]"
"text","css","[RFC2318]"
"text","csv","[RFC4180][RFC7111]"
"text","csv-schema","[National_Archives_UK][David_Underdown]"
"text","directory - DEPRECATED by RFC6350","[RFC2425][RFC6350]"
"text","dns","[RFC4027]"
"text","ecmascript","[RFC4329] - OBSOLETED in favor of application/ecmascript"
"text","encaprtp","[RFC6849]"
"text","enriched","[RFC1896]"
"text","example","[RFC4735]"
"text","fwdred","[RFC6354]"
"text","grammar-ref-list","[RFC6787]"
"text","html","[W3C][Robin_Berjon]"
"text","javascript","[RFC4329] - OBSOLETED in favor of application/javascript"
"text","jcr-cnd","[Peeter_Piegaze]"
"text","markdown (TEMPORARY - registered 2014-11-11, expires 2015-11-11)","[draft-ietf-appsawg-text-markdown]"
"text","mizar","[Jesse_Alama]"
"text","n3","[W3C][Eric_Prudhommeaux]"
"text","parameters","[RFC-ietf-mmusic-rfc2326bis-40]"
"text","parityfec","[RFC5109]"
"text","plain","[RFC2046][RFC3676][RFC5147]"
"text","provenance-notation","[W3C][Ivan_Herman]"
"text","prs.fallenstein.rst","[Benja_Fallenstein]"
"text","prs.lines.tag","[John_Lines]"
"text","raptorfec","[RFC6682]"
"text","RED","[RFC4102]"
"text","rfc822-headers","[RFC6522]"
"text","richtext","[RFC2045][RFC2046]"
"text","rtf","[Paul_Lindner]"
"text","rtp-enc-aescm128","[ThreeGPP]"
"text","rtploopback","[RFC6849]"
"text","rtx","[RFC4588]"
"text","sgml","[RFC1874]"
"text","t140","[RFC4103]"
"text","tab-separated-values","[Paul_Lindner]"
"text","troff","[RFC4263]"
"text","turtle","[W3C][Eric_Prudhommeaux]"
"text","ulpfec","[RFC5109]"
"text","uri-list","[RFC2483]"
"text","vcard","[RFC6350]"
"text","vnd.a","[Regis_Dehoux]"
"text","vnd.abc","[Steve_Allen]"
"text","vnd.curl","[Robert_Byrnes]"
"text","vnd.debian.copyright","[Charles_Plessy]"
"text","vnd.DMClientScript","[Dan_Bradley]"
"text","vnd.dvb.subtitle","[Peter_Siebert][Michael_Lagally]"
"text","vnd.esmertec.theme-descriptor","[Stefan_Eilemann]"
"text","vnd.fly","[John-Mark_Gurney]"
"text","vnd.fmi.flexstor","[Kari_E._Hurtta]"
"text","vnd.graphviz","[John_Ellson]"
"text","vnd.in3d.3dml","[Michael_Powers]"
"text","vnd.in3d.spot","[Michael_Powers]"
"text","vnd.IPTC.NewsML","[IPTC]"
"text","vnd.IPTC.NITF","[IPTC]"
"text","vnd.latex-z","[Mikusiak_Lubos]"
"text","vnd.motorola.reflex","[Mark_Patton]"
"text","vnd.ms-mediapackage","[Jan_Nelson]"
"text","vnd.net2phone.commcenter.command","[Feiyu_Xie]"
"text","vnd.radisys.msml-basic-layout","[RFC5707]"
"text","vnd.si.uricatalogue","[Nicholas_Parks_Young] - OBSOLETED by request"
"text","vnd.sun.j2me.app-descriptor","[Gary_Adams]"
"text","vnd.trolltech.linguist","[David_Lee_Lambert]"
"text","vnd.wap.si","[WAP-Forum]"
"text","vnd.wap.sl","[WAP-Forum]"
"text","vnd.wap.wml","[Peter_Stark]"
"text","vnd.wap.wmlscript","[Peter_Stark]"
"text","xml","[RFC7303]"
"text","xml-external-parsed-entity","[RFC7303]"
"video","1d-interleaved-parityfec","[RFC6015]"
"video","3gpp","[RFC3839][RFC6381]"
"video","3gpp2","[RFC4393][RFC6381]"
"video","3gpp-tt","[RFC4396]"
"video","BMPEG","[RFC3555]"
"video","BT656","[RFC3555]"
"video","CelB","[RFC3555]"
"video","DV","[RFC6469]"
"video","encaprtp","[RFC6849]"
"video","example","[RFC4735]"
"video","H261","[RFC4587]"
"video","H263","[RFC3555]"
"video","H263-1998","[RFC4629]"
"video","H263-2000","[RFC4629]"
"video","H264","[RFC6184]"
"video","H264-RCDO","[RFC6185]"
"video","H264-SVC","[RFC6190]"
"video","iso.segment","[David_Singer][ISO-IEC_JTC1]"
"video","JPEG","[RFC3555]"
"video","jpeg2000","[RFC5371][RFC5372]"
"video","mj2","[RFC3745]"
"video","MP1S","[RFC3555]"
"video","MP2P","[RFC3555]"
"video","MP2T","[RFC3555]"
"video","mp4","[RFC4337][RFC6381]"
"video","MP4V-ES","[RFC6416]"
"video","MPV","[RFC3555]"
"video","mpeg","[RFC2045][RFC2046]"
"video","mpeg4-generic","[RFC3640]"
"video","nv","[RFC4856]"
"video","ogg","[RFC5334]"
"video","parityfec","[RFC5109]"
"video","pointer","[RFC2862]"
"video","quicktime","[RFC6381][Paul_Lindner]"
"video","raptorfec","[RFC6682]"
"video","raw","[RFC4175]"
"video","rtp-enc-aescm128","[ThreeGPP]"
"video","rtploopback","[RFC6849]"
"video","rtx","[RFC4588]"
"video","SMPTE292M","[RFC3497]"
"video","ulpfec","[RFC5109]"
"video","vc1","[RFC4425]"
"video","vnd.CCTV","[http://www.iana.org/assignments/contact-people.htmll#Rottmann]"
"video","vnd.dece.hd","[http://www.iana.org/assignments/contact-people.htmll#Dolan]"
"video","vnd.dece.mobile","[http://www.iana.org/assignments/contact-people.htmll#Dolan]"
"video","vnd.dece.mp4","[http://www.iana.org/assignments/contact-people.htmll#Dolan]"
"video","vnd.dece.pd","[http://www.iana.org/assignments/contact-people.htmll#Dolan]"
"video","vnd.dece.sd","[http://www.iana.org/assignments/contact-people.htmll#Dolan]"
"video","vnd.dece.video","[http://www.iana.org/assignments/contact-people.htmll#Dolan]"
"video","vnd.directv.mpeg","[Nathan_Zerbe]"
"video","vnd.directv.mpeg-tts","[Nathan_Zerbe]"
"video","vnd.dlna.mpeg-tts","[Edwin_Heredia]"
"video","vnd.dvb.file","[Peter_Siebert][Kevin_Murray]"
"video","vnd.fvt","[Arild_Fuldseth]"
"video","vnd.hns.video","[Swaminathan]"
"video","vnd.iptvforum.1dparityfec-1010","[Shuji_Nakamura]"
"video","vnd.iptvforum.1dparityfec-2005","[Shuji_Nakamura]"
"video","vnd.iptvforum.2dparityfec-1010","[Shuji_Nakamura]"
"video","vnd.iptvforum.2dparityfec-2005","[Shuji_Nakamura]"
"video","vnd.iptvforum.ttsavc","[Shuji_Nakamura]"
"video","vnd.iptvforum.ttsmpeg2","[Shuji_Nakamura]"
"video","vnd.motorola.video","[Tom_McGinty]"
"video","vnd.motorola.videop","[Tom_McGinty]"
"video","vnd.mpegurl","[Heiko_Recktenwald]"
"video","vnd.ms-playready.media.pyv","[Steve_DiAcetis]"
"video","vnd.nokia.interleaved-multimedia","[Petteri_Kangaslampi]"
"video","vnd.nokia.videovoip","[Nokia]"
"video","vnd.objectvideo","[John_Clark]"
"video","vnd.radgamettools.bink","[Henrik_Andersson]"
"video","vnd.radgamettools.smacker","[Henrik_Andersson]"
"video","vnd.sealed.mpeg1","[David_Petersen]"
"video","vnd.sealed.mpeg4","[David_Petersen]"
"video","vnd.sealed.swf","[David_Petersen]"
"video","vnd.sealedmedia.softseal.mov","[David_Petersen]"
"video","vnd.uvvu.mp4","[http://www.iana.org/assignments/contact-people.htmll#Dolan]"
"video","vnd.vivo","[John_Wolfe]"
